id,request_id,elderly_id,requested_volunteers,status,modified_at
ER001,CR001,E001,NA,completed,2025-04-18T01:04:39Z
ER002,CR002,E001,NA,completed,2025-04-17T19:04:15Z
ER003,CR003,E001,NA,completed,2025-04-16T18:02:49Z
ER004,CR004,E002,NA,completed,2025-04-17T02:03:13Z
ER005,CR005,E002,"V026,V021",completed,2025-04-17T14:02:48Z
ER006,CR006,E002,NA,completed,2025-04-17T08:02:43Z
ER007,CR007,E003,"V026,V024",completed,2025-04-16T15:03:02Z
ER008,CR008,E003,"V035,V012",completed,2025-04-18T23:01:00Z
ER009,CR009,E003,NA,pending,2025-04-17T03:03:36Z
ER010,CR010,E004,"V045,V005",completed,2025-04-18T05:06:25Z
ER011,CR011,E004,"V020,V016",completed,2025-04-17T09:04:56Z
ER012,CR012,E004,NA,completed,2025-04-18T01:05:22Z
ER013,CR013,E004,NA,pending,2025-04-18T14:06:02Z
ER014,CR014,E004,NA,completed,2025-04-18T06:06:10Z
ER015,CR015,E005,NA,completed,2025-04-17T23:06:38Z
ER016,CR016,E005,NA,completed,2025-04-16T11:01:33Z
ER017,CR017,E005,"V043,V023",pending,2025-04-16T22:06:34Z
ER018,CR018,E006,"V042,V044",completed,2025-04-18T04:02:26Z
ER019,CR019,E006,NA,completed,2025-04-18T08:05:51Z
ER020,CR020,E007,"V015,V033",pending,2025-04-18T19:06:49Z
ER021,CR021,E007,NA,completed,2025-04-17T05:04:00Z
ER022,CR022,E008,NA,completed,2025-04-18T17:04:04Z
ER023,CR023,E008,NA,pending,2025-04-18T14:06:35Z
ER024,CR024,E008,NA,pending,2025-04-16T11:05:08Z
ER025,CR025,E008,NA,pending,2025-04-16T19:05:38Z
ER026,CR026,E009,NA,completed,2025-04-17T03:04:06Z
ER027,CR027,E009,NA,completed,2025-04-16T13:06:55Z
ER028,CR028,E010,NA,completed,2025-04-17T17:01:09Z
ER029,CR029,E010,"V046,V008",pending,2025-04-16T03:01:35Z
ER030,CR030,E010,NA,completed,2025-04-16T22:01:00Z
ER031,CR031,E010,NA,completed,2025-04-18T19:05:05Z
ER032,CR032,E010,"V036,V028",pending,2025-04-18T12:04:24Z
ER033,CR033,E011,NA,pending,2025-04-17T00:03:38Z
ER034,CR034,E011,NA,pending,2025-04-18T03:06:35Z
ER036,CR036,E012,NA,completed,2025-04-16T01:05:42Z
ER037,CR037,E012,"V049,V046",completed,2025-04-16T09:03:24Z
ER038,CR038,E012,NA,completed,2025-04-18T21:05:16Z
ER039,CR039,E013,NA,pending,2025-04-18T11:03:45Z
ER040,CR040,E013,NA,pending,2025-04-18T15:05:33Z
ER041,CR041,E014,NA,completed,2025-04-18T02:03:47Z
ER042,CR042,E014,NA,completed,2025-04-17T21:03:33Z
ER043,CR043,E015,NA,completed,2025-04-16T23:06:27Z
ER044,CR044,E015,NA,completed,2025-04-17T15:06:19Z
ER045,CR045,E016,NA,completed,2025-04-16T18:06:46Z
ER046,CR046,E016,"V008,V012",completed,2025-04-18T00:01:04Z
ER047,CR047,E016,NA,completed,2025-04-18T06:02:20Z
ER048,CR048,E017,NA,completed,2025-04-18T07:04:10Z
ER049,CR049,E017,NA,pending,2025-04-16T23:04:59Z
ER050,CR050,E017,NA,completed,2025-04-16T18:06:13Z
ER051,CR051,E018,NA,pending,2025-04-16T07:04:08Z
ER052,CR052,E018,NA,completed,2025-04-18T15:03:42Z
ER053,CR053,E018,NA,pending,2025-04-19T00:04:36Z
ER054,CR054,E018,NA,completed,2025-04-18T15:06:58Z
ER055,CR055,E019,NA,completed,2025-04-18T15:02:33Z
ER056,CR056,E019,NA,pending,2025-04-17T05:05:54Z
ER057,CR057,E019,"V035,V019",pending,2025-04-16T22:01:38Z
ER058,CR058,E019,NA,completed,2025-04-18T16:05:08Z
ER059,CR059,E019,"V008,V018",completed,2025-04-18T22:06:37Z
ER060,CR060,E020,NA,completed,2025-04-16T06:04:23Z
ER061,CR061,E020,NA,completed,2025-04-17T04:04:35Z
ER062,CR062,E020,"V042,V049",completed,2025-04-17T08:03:02Z
ER063,CR063,E021,NA,pending,2025-04-18T10:04:41Z
ER064,CR064,E021,NA,pending,2025-04-16T12:01:46Z
ER065,CR065,E021,NA,completed,2025-04-17T07:05:39Z
ER066,CR066,E021,NA,pending,2025-04-17T21:04:16Z
ER067,CR067,E021,NA,completed,2025-04-18T07:04:06Z
ER068,CR068,E022,"V014,V004",pending,2025-04-17T21:06:04Z
ER069,CR069,E022,NA,completed,2025-04-16T22:04:04Z
ER070,CR070,E022,NA,completed,2025-04-17T14:06:19Z
ER071,CR071,E022,NA,completed,2025-04-18T18:01:11Z
ER072,CR072,E022,NA,completed,2025-04-16T13:02:25Z
ER073,CR073,E023,NA,pending,2025-04-18T05:02:55Z
ER074,CR074,E023,NA,completed,2025-04-16T17:03:54Z
ER075,CR075,E024,"V010,V046",completed,2025-04-17T18:06:29Z
ER076,CR076,E024,NA,completed,2025-04-18T03:01:07Z
ER077,CR077,E025,NA,completed,2025-04-17T11:02:58Z
ER078,CR078,E025,NA,completed,2025-04-16T10:01:39Z
ER079,CR079,E025,NA,completed,2025-04-16T12:03:19Z
ER080,CR080,E025,NA,completed,2025-04-18T00:02:43Z
ER081,CR081,E026,NA,completed,2025-04-16T01:05:10Z
ER082,CR082,E026,NA,completed,2025-04-16T12:05:33Z
ER083,CR083,E026,NA,completed,2025-04-17T22:04:24Z
ER084,CR084,E026,NA,completed,2025-04-18T03:04:24Z
ER085,CR085,E026,NA,pending,2025-04-17T04:04:43Z
ER086,CR086,E027,NA,completed,2025-04-17T13:04:55Z
ER087,CR087,E027,NA,completed,2025-04-18T15:01:21Z
ER088,CR088,E027,NA,completed,2025-04-16T07:03:59Z
ER089,CR089,E027,NA,pending,2025-04-18T11:05:14Z
ER090,CR090,E028,NA,pending,2025-04-16T21:06:31Z
ER091,CR091,E028,"V028,V013",completed,2025-04-16T17:01:35Z
ER092,CR092,E028,NA,completed,2025-04-17T12:03:56Z
ER093,CR093,E029,NA,pending,2025-04-16T11:01:30Z
ER094,CR094,E029,NA,completed,2025-04-16T22:02:26Z
ER095,CR095,E029,NA,pending,2025-04-17T06:03:41Z
ER096,CR096,E030,"V007,V001",completed,2025-04-17T04:04:35Z
ER097,CR097,E030,"V015,V034",completed,2025-04-18T09:06:27Z
ER098,CR098,E030,NA,pending,2025-04-16T16:05:15Z
ER099,CR099,E030,NA,completed,2025-04-16T17:02:32Z
ER100,CR100,E030,"V006,V047",completed,2025-04-16T14:01:52Z
ER101,CR101,E031,NA,pending,2025-04-17T15:06:57Z
ER102,CR102,E031,NA,pending,2025-04-16T18:05:22Z
ER103,CR103,E031,NA,completed,2025-04-16T09:06:44Z
ER104,CR104,E032,"V042,V011",completed,2025-04-18T09:03:55Z
ER105,CR105,E032,"V048,V010",completed,2025-04-18T05:04:49Z
ER106,CR106,E033,NA,completed,2025-04-17T04:02:49Z
ER107,CR107,E033,"V049,V008",pending,2025-04-18T02:03:53Z
ER108,CR108,E033,NA,completed,2025-04-16T18:03:29Z
ER109,CR109,E033,NA,pending,2025-04-17T08:04:36Z
ER110,CR110,E034,NA,completed,2025-04-17T13:03:17Z
ER111,CR111,E034,NA,completed,2025-04-17T15:02:26Z
ER112,CR112,E035,NA,pending,2025-04-17T01:03:02Z
ER113,CR113,E035,"V004,V016",completed,2025-04-18T16:04:32Z
ER114,CR114,E035,"V041,V039",completed,2025-04-16T10:06:30Z
ER115,CR115,E035,NA,completed,2025-04-17T23:01:38Z
ER116,CR116,E035,"V037,V027",completed,2025-04-17T23:05:44Z
ER117,CR117,E036,"V031,V050",completed,2025-04-16T10:02:49Z
ER118,CR118,E036,"V017,V014",pending,2025-04-16T06:01:36Z
ER119,CR119,E036,NA,completed,2025-04-18T03:02:39Z
ER120,CR120,E037,NA,completed,2025-04-18T17:02:31Z
ER121,CR121,E037,NA,completed,2025-04-18T04:05:20Z
ER122,CR122,E037,NA,pending,2025-04-16T20:06:22Z
ER123,CR123,E037,NA,pending,2025-04-18T18:06:34Z
ER124,CR124,E038,NA,completed,2025-04-16T20:04:55Z
ER125,CR125,E038,NA,completed,2025-04-16T09:02:20Z
ER126,CR126,E038,NA,completed,2025-04-17T07:01:24Z
ER127,CR127,E038,"V028,V008",pending,2025-04-18T11:06:07Z
ER128,CR128,E038,"V043,V048",completed,2025-04-16T23:01:25Z
ER129,CR129,E039,NA,pending,2025-04-16T02:06:44Z
ER130,CR130,E039,NA,pending,2025-04-18T19:02:35Z
ER131,CR131,E039,NA,completed,2025-04-17T10:02:45Z
ER132,CR132,E039,"V050,V018",pending,2025-04-16T16:02:12Z
ER133,CR133,E039,"V028,V018",completed,2025-04-18T20:01:45Z
ER134,CR134,E040,NA,pending,2025-04-16T10:03:22Z
ER135,CR135,E040,NA,completed,2025-04-16T08:04:17Z
ER136,CR136,E040,NA,completed,2025-04-18T00:05:20Z
ER137,CR137,E040,NA,pending,2025-04-16T15:06:32Z
ER138,CR138,E041,NA,pending,2025-04-16T06:05:59Z
ER139,CR139,E041,"V003,V031",completed,2025-04-17T23:04:57Z
ER140,CR140,E041,"V003,V036",completed,2025-04-18T06:05:54Z
ER141,CR141,E041,"V047,V021",pending,2025-04-17T11:03:51Z
ER142,CR142,E042,NA,completed,2025-04-16T16:05:33Z
ER143,CR143,E042,NA,completed,2025-04-16T23:01:50Z
ER144,CR144,E042,NA,pending,2025-04-16T06:06:01Z
ER145,CR145,E042,"V030,V019",completed,2025-04-17T16:04:03Z
ER146,CR146,E042,NA,completed,2025-04-16T02:01:19Z
ER147,CR147,E043,"V020,V048",completed,2025-04-17T08:06:57Z
ER148,CR148,E043,NA,completed,2025-04-18T16:02:40Z
ER149,CR149,E044,NA,completed,2025-04-18T22:05:51Z
ER150,CR150,E044,"V001,V027",completed,2025-04-16T04:02:41Z
ER151,CR151,E044,NA,pending,2025-04-16T02:04:27Z
ER152,CR152,E044,"V043,V025",completed,2025-04-17T16:03:38Z
ER153,CR153,E044,NA,pending,2025-04-17T07:06:00Z
ER154,CR154,E045,NA,completed,2025-04-16T19:05:45Z
ER155,CR155,E045,"V015,V034",completed,2025-04-18T05:04:39Z
ER156,CR156,E045,NA,completed,2025-04-16T11:01:48Z
ER157,CR157,E045,NA,completed,2025-04-18T03:01:33Z
ER158,CR158,E046,NA,pending,2025-04-18T08:06:49Z
ER159,CR159,E046,"V019,V017",completed,2025-04-17T17:02:14Z
ER160,CR160,E046,NA,completed,2025-04-17T18:04:04Z
ER161,CR161,E046,"V005,V013",completed,2025-04-16T18:01:07Z
ER162,CR162,E047,NA,completed,2025-04-16T20:05:38Z
ER163,CR163,E047,NA,pending,2025-04-17T17:03:41Z
ER164,CR164,E048,NA,completed,2025-04-17T03:05:53Z
ER165,CR165,E048,NA,completed,2025-04-16T16:02:01Z
ER166,CR166,E048,NA,pending,2025-04-17T15:03:02Z
ER167,CR167,E048,NA,completed,2025-04-16T06:01:51Z
ER168,CR168,E048,NA,pending,2025-04-16T19:05:54Z
ER169,CR169,E049,"V023,V026",pending,2025-04-18T18:02:45Z
ER170,CR170,E049,"V012,V002",pending,2025-04-18T04:05:42Z
ER171,CR171,E049,NA,completed,2025-04-18T23:05:19Z
ER172,CR172,E049,NA,pending,2025-04-16T18:06:06Z
ER173,CR173,E050,"V050,V015",pending,2025-04-16T17:03:28Z
ER174,CR174,E050,NA,pending,2025-04-16T11:02:07Z
ER175,CR175,E050,"V005,V002",completed,2025-04-16T09:02:48Z
ER176,CR176,E050,NA,pending,2025-04-16T17:06:18Z
ER177,CR177,E051,NA,pending,2025-04-17T19:04:53Z
ER178,CR178,E051,NA,pending,2025-04-16T07:02:48Z
ER179,CR179,E051,NA,pending,2025-04-18T03:06:31Z
ER180,CR180,E051,NA,completed,2025-04-18T07:02:58Z
ER181,CR181,E052,"V012,V018",pending,2025-04-17T12:01:27Z
ER182,CR182,E052,"V040,V016",completed,2025-04-17T14:02:20Z
ER183,CR183,E052,NA,completed,2025-04-18T14:04:26Z
ER184,CR184,E052,"V009,V027",pending,2025-04-17T02:03:04Z
ER185,CR185,E053,NA,completed,2025-04-17T08:06:48Z
ER186,CR186,E053,NA,completed,2025-04-16T03:03:13Z
ER187,CR187,E053,NA,completed,2025-04-17T22:01:59Z
ER188,CR188,E054,NA,completed,2025-04-17T21:06:08Z
ER189,CR189,E054,NA,completed,2025-04-18T02:06:46Z
ER190,CR190,E054,"V039,V015",pending,2025-04-16T04:03:18Z
ER191,CR191,E054,NA,completed,2025-04-16T08:04:58Z
ER192,CR192,E055,NA,completed,2025-04-17T22:02:25Z
ER193,CR193,E055,NA,completed,2025-04-16T21:01:30Z
ER194,CR194,E055,NA,pending,2025-04-17T11:04:42Z
ER195,CR195,E056,NA,completed,2025-04-16T08:01:04Z
ER196,CR196,E056,NA,completed,2025-04-18T02:04:22Z
ER197,CR197,E057,NA,completed,2025-04-16T23:01:33Z
ER198,CR198,E057,NA,pending,2025-04-17T22:01:53Z
ER199,CR199,E057,"V045,V023",completed,2025-04-16T19:04:25Z
ER200,CR200,E058,"V032,V035",completed,2025-04-17T16:05:41Z
ER201,CR201,E058,"V004,V015",pending,2025-04-17T05:02:02Z
ER202,CR202,E058,NA,pending,2025-04-17T19:05:04Z
ER203,CR203,E058,"V009,V022",completed,2025-04-16T23:06:46Z
ER204,CR204,E058,NA,completed,2025-04-17T18:04:49Z
ER205,CR205,E059,"V046,V010",pending,2025-04-16T15:03:28Z
ER206,CR206,E059,NA,completed,2025-04-16T10:02:23Z
ER207,CR207,E059,NA,completed,2025-04-18T03:01:04Z
ER208,CR208,E059,NA,completed,2025-04-17T18:03:04Z
ER209,CR209,E060,"V028,V041",pending,2025-04-18T15:03:08Z
ER210,CR210,E060,"V036,V045",completed,2025-04-17T22:05:28Z
ER211,CR211,E061,NA,pending,2025-04-16T23:02:13Z
ER212,CR212,E061,NA,completed,2025-04-17T14:05:18Z
ER213,CR213,E061,NA,pending,2025-04-18T03:02:10Z
ER214,CR214,E061,NA,completed,2025-04-16T05:05:56Z
ER215,CR215,E062,NA,pending,2025-04-17T05:05:47Z
ER216,CR216,E062,"V032,V010",completed,2025-04-17T19:01:01Z
ER217,CR217,E063,"V021,V011",completed,2025-04-16T12:03:05Z
ER218,CR218,E063,NA,completed,2025-04-17T19:03:57Z
ER219,CR219,E063,"V016,V045",completed,2025-04-16T09:01:21Z
ER220,CR220,E063,NA,completed,2025-04-16T01:05:23Z
ER221,CR221,E064,NA,pending,2025-04-18T06:05:31Z
ER222,CR222,E064,NA,completed,2025-04-18T16:05:11Z
ER223,CR223,E064,NA,completed,2025-04-18T01:03:20Z
ER224,CR224,E064,NA,pending,2025-04-17T05:01:01Z
ER225,CR225,E065,"V003,V019",pending,2025-04-16T03:03:22Z
ER226,CR226,E065,NA,completed,2025-04-16T10:05:13Z
ER227,CR227,E065,NA,completed,2025-04-16T21:03:38Z
ER228,CR228,E065,NA,completed,2025-04-16T12:04:16Z
ER229,CR229,E066,NA,completed,2025-04-18T14:02:36Z
ER230,CR230,E066,NA,completed,2025-04-16T22:01:23Z
ER231,CR231,E066,NA,completed,2025-04-16T07:03:50Z
ER232,CR232,E066,"V013,V027",pending,2025-04-18T23:06:56Z
ER233,CR233,E066,NA,completed,2025-04-17T10:01:31Z
ER234,CR234,E067,"V007,V004",completed,2025-04-18T03:05:33Z
ER235,CR235,E067,NA,completed,2025-04-16T20:06:10Z
ER236,CR236,E067,"V006,V019",pending,2025-04-18T14:01:19Z
ER237,CR237,E067,"V011,V041",pending,2025-04-17T14:04:56Z
ER238,CR238,E067,NA,completed,2025-04-16T15:04:56Z
ER239,CR239,E068,NA,completed,2025-04-18T15:05:13Z
ER240,CR240,E068,"V042,V035",completed,2025-04-18T02:06:53Z
ER241,CR241,E069,NA,pending,2025-04-18T00:04:31Z
ER242,CR242,E069,"V029,V030",pending,2025-04-17T10:01:23Z
ER243,CR243,E069,"V004,V010",pending,2025-04-16T13:06:21Z
ER244,CR244,E069,NA,pending,2025-04-18T22:02:32Z
ER245,CR245,E069,NA,completed,2025-04-17T06:05:31Z
ER246,CR246,E070,NA,completed,2025-04-18T19:05:39Z
ER247,CR247,E070,NA,completed,2025-04-18T13:05:22Z
ER248,CR248,E070,"V020,V006",completed,2025-04-18T03:06:57Z
ER249,CR249,E071,NA,completed,2025-04-18T17:01:39Z
ER250,CR250,E071,NA,completed,2025-04-16T19:05:25Z
ER251,CR251,E071,NA,pending,2025-04-16T23:01:23Z
ER252,CR252,E072,"V014,V013",completed,2025-04-16T17:02:59Z
ER253,CR253,E072,"V044,V028",pending,2025-04-17T02:01:39Z
ER254,CR254,E072,NA,completed,2025-04-17T10:01:03Z
ER255,CR255,E072,NA,completed,2025-04-16T09:02:27Z
ER256,CR256,E072,NA,pending,2025-04-18T23:06:19Z
ER257,CR257,E073,"V030,V001",completed,2025-04-18T19:05:46Z
ER258,CR258,E073,"V010,V037",completed,2025-04-16T13:06:02Z
ER259,CR259,E073,NA,completed,2025-04-16T13:05:17Z
ER260,CR260,E074,NA,completed,2025-04-17T21:04:56Z
ER261,CR261,E074,"V042,V032",completed,2025-04-18T13:04:53Z
ER262,CR262,E074,"V010,V040",pending,2025-04-18T04:06:35Z
ER263,CR263,E074,NA,pending,2025-04-17T19:01:15Z
ER264,CR264,E075,"V031,V018",completed,2025-04-18T00:03:09Z
ER265,CR265,E075,NA,pending,2025-04-17T15:03:54Z
ER266,CR266,E075,NA,completed,2025-04-16T13:03:30Z
ER267,CR267,E075,"V020,V048",completed,2025-04-18T09:03:14Z
ER268,CR268,E075,NA,completed,2025-04-18T06:04:19Z
ER269,CR269,E076,"V029,V014",completed,2025-04-18T05:02:14Z
ER270,CR270,E076,NA,completed,2025-04-18T00:06:05Z
ER271,CR271,E076,NA,completed,2025-04-16T21:05:13Z
ER272,CR272,E076,NA,pending,2025-04-18T04:01:06Z
ER273,CR273,E077,NA,pending,2025-04-16T04:03:36Z
ER274,CR274,E077,NA,pending,2025-04-17T02:01:03Z
ER275,CR275,E078,"V030,V004",completed,2025-04-17T23:05:58Z
ER276,CR276,E078,"V030,V033",completed,2025-04-18T03:06:24Z
ER277,CR277,E078,"V002,V016",completed,2025-04-18T00:06:47Z
ER278,CR278,E078,NA,completed,2025-04-18T13:03:46Z
ER279,CR279,E078,NA,completed,2025-04-16T21:01:59Z
ER280,CR280,E079,"V045,V006",completed,2025-04-17T13:05:32Z
ER281,CR281,E079,"V037,V050",pending,2025-04-17T04:02:09Z
ER282,CR282,E079,NA,completed,2025-04-17T03:03:42Z
ER283,CR283,E080,NA,pending,2025-04-16T03:03:46Z
ER284,CR284,E080,NA,completed,2025-04-16T02:01:44Z
ER285,CR285,E080,"V012,V039",completed,2025-04-16T02:01:10Z
ER286,CR286,E080,NA,pending,2025-04-17T16:01:44Z
ER287,CR287,E081,NA,completed,2025-04-17T12:05:05Z
ER288,CR288,E081,NA,completed,2025-04-17T21:02:03Z
ER289,CR289,E082,"V020,V044",completed,2025-04-18T19:02:05Z
ER290,CR290,E082,NA,completed,2025-04-16T14:02:03Z
ER291,CR291,E082,NA,pending,2025-04-18T00:03:32Z
ER292,CR292,E082,NA,completed,2025-04-17T13:02:51Z
ER293,CR293,E082,"V005,V022",pending,2025-04-17T12:02:09Z
ER294,CR294,E083,NA,completed,2025-04-17T10:02:49Z
ER295,CR295,E083,NA,completed,2025-04-17T15:06:23Z
ER296,CR296,E083,NA,pending,2025-04-17T07:03:43Z
ER297,CR297,E083,NA,completed,2025-04-18T04:03:02Z
ER298,CR298,E084,NA,completed,2025-04-16T04:06:23Z
ER299,CR299,E084,NA,completed,2025-04-17T10:04:50Z
ER300,CR300,E085,NA,completed,2025-04-16T05:04:41Z
ER301,CR301,E085,NA,completed,2025-04-17T01:03:26Z
ER302,CR302,E085,NA,completed,2025-04-18T21:04:04Z
ER303,CR303,E086,NA,completed,2025-04-17T22:02:52Z
ER304,CR304,E086,NA,completed,2025-04-19T00:04:47Z
ER305,CR305,E087,"V009,V048",pending,2025-04-17T10:04:08Z
ER306,CR306,E087,NA,completed,2025-04-17T00:01:33Z
ER307,CR307,E087,NA,completed,2025-04-16T12:04:12Z
ER308,CR308,E087,"V020,V027",pending,2025-04-17T19:04:04Z
ER309,CR309,E088,NA,completed,2025-04-18T12:03:12Z
ER310,CR310,E088,NA,completed,2025-04-16T10:03:46Z
ER311,CR311,E088,"V008,V044",completed,2025-04-18T01:01:55Z
ER312,CR312,E088,NA,completed,2025-04-16T20:01:09Z
ER313,CR313,E089,"V027,V037",pending,2025-04-18T11:03:23Z
ER314,CR314,E089,NA,pending,2025-04-17T00:05:00Z
ER315,CR315,E090,NA,completed,2025-04-16T23:03:16Z
ER316,CR316,E090,"V029,V018",completed,2025-04-17T03:06:16Z
ER317,CR317,E090,"V049,V011",completed,2025-04-18T15:05:16Z
ER318,CR318,E090,NA,completed,2025-04-16T17:02:25Z
ER319,CR319,E090,NA,completed,2025-04-18T04:06:13Z
ER320,CR320,E091,NA,completed,2025-04-16T01:01:17Z
ER321,CR321,E091,"V024,V001",pending,2025-04-17T18:06:46Z
ER322,CR322,E091,NA,completed,2025-04-16T03:02:04Z
ER323,CR323,E091,NA,completed,2025-04-17T08:02:47Z
ER324,CR324,E091,NA,pending,2025-04-17T16:04:46Z
ER325,CR325,E092,NA,pending,2025-04-17T16:04:37Z
ER326,CR326,E092,NA,pending,2025-04-17T15:02:47Z
ER327,CR327,E093,NA,completed,2025-04-18T19:02:45Z
ER328,CR328,E093,NA,completed,2025-04-16T18:04:37Z
ER329,CR329,E093,NA,completed,2025-04-17T22:05:21Z
ER330,CR330,E093,"V026,V002",completed,2025-04-17T06:01:23Z
ER331,CR331,E094,NA,pending,2025-04-17T04:03:13Z
ER332,CR332,E094,NA,completed,2025-04-16T22:01:26Z
ER333,CR333,E094,NA,pending,2025-04-16T05:04:25Z
ER334,CR334,E094,NA,completed,2025-04-18T21:04:42Z
ER335,CR335,E095,NA,completed,2025-04-16T07:05:10Z
ER336,CR336,E095,NA,completed,2025-04-16T03:04:51Z
ER337,CR337,E095,"V029,V025",pending,2025-04-16T16:06:02Z
ER338,CR338,E095,NA,completed,2025-04-16T20:06:24Z
ER339,CR339,E095,NA,pending,2025-04-16T02:02:05Z
ER340,CR340,E096,NA,completed,2025-04-18T19:01:22Z
ER341,CR341,E096,NA,pending,2025-04-16T18:04:35Z
ER342,CR342,E096,NA,completed,2025-04-18T18:05:33Z
ER343,CR343,E096,"V008,V007",completed,2025-04-18T16:06:20Z
ER344,CR344,E097,"V017,V034",pending,2025-04-17T02:02:43Z
ER345,CR345,E097,NA,completed,2025-04-16T21:05:31Z
ER346,CR346,E097,NA,pending,2025-04-17T03:03:10Z
ER347,CR347,E097,NA,completed,2025-04-17T07:05:44Z
ER348,CR348,E097,NA,pending,2025-04-16T15:06:32Z
ER349,CR349,E098,NA,completed,2025-04-16T20:04:40Z
ER350,CR350,E098,NA,completed,2025-04-16T10:02:30Z
ER351,CR351,E098,"V017,V042",completed,2025-04-17T06:03:22Z
ER352,CR352,E098,NA,completed,2025-04-17T10:01:32Z
ER353,CR353,E099,"V012,V003",completed,2025-04-17T14:03:18Z
ER354,CR354,E099,NA,completed,2025-04-18T07:01:10Z
ER355,CR355,E099,"V049,V003",completed,2025-04-16T02:00:59Z
ER356,CR356,E099,NA,completed,2025-04-16T22:06:00Z
ER357,CR357,E100,NA,completed,2025-04-17T11:01:49Z
ER358,CR358,E100,"V022,V012",completed,2025-04-16T15:04:47Z
ER359,CR359,E100,NA,completed,2025-04-17T11:03:30Z
ER360,CR360,E100,NA,completed,2025-04-18T14:06:00Z
ER_361,REQ_362,E012,NA,pending,2025-04-16T07:01:33Z
ER_361,REQ_363,E012,NA,pending,2025-04-16T07:32:33Z
ER_362,REQ_364,E022,NA,pending,2025-04-16T08:27:45Z
ER_363,REQ_365,E022,NA,pending,2025-04-16T08:31:59Z
ER_364,REQ_366,E022,NA,pending,2025-04-16T13:50:37Z
ER_365,REQ_367,E022,,pending,2025-04-16T14:03:49Z
