id,request_id,volunteer_id,status,responded_at
VR001,CR001,V027,accepted,2025-04-18 07:04:39
VR002,CR001,V042,rejected,2025-04-18 05:04:39
VR003,CR002,V009,rejected,2025-04-18 19:04:15
VR004,CR002,V045,accepted,2025-04-17 21:04:15
VR005,CR003,V011,accepted,2025-04-17 08:02:49
VR006,CR003,V007,accepted,2025-04-17 13:02:49
VR007,CR004,V031,accepted,2025-04-18 00:03:13
VR008,CR004,V037,accepted,2025-04-17 17:03:13
VR009,CR005,V026,rejected,2025-04-17 20:02:48
VR010,CR005,V021,accepted,2025-04-18 10:02:48
VR011,CR006,V025,rejected,2025-04-17 20:02:43
VR012,CR006,V050,rejected,2025-04-18 04:02:43
VR013,CR007,V026,rejected,2025-04-16 16:03:02
VR014,CR007,V024,accepted,2025-04-17 13:03:02
VR015,CR008,V035,rejected,2025-04-19 23:01:00
VR016,CR008,V012,rejected,2025-04-19 04:01:00
VR017,CR010,V045,accepted,2025-04-18 21:06:25
VR018,CR010,V005,accepted,2025-04-18 21:06:25
VR019,CR011,V020,accepted,2025-04-17 13:04:56
VR020,CR011,V016,accepted,2025-04-17 23:04:56
VR021,CR012,V029,rejected,2025-04-18 04:05:22
VR022,CR012,V003,accepted,2025-04-18 10:05:22
VR023,CR014,V042,rejected,2025-04-18 07:06:10
VR024,CR014,V021,rejected,2025-04-19 05:06:10
VR025,CR015,V044,rejected,2025-04-18 23:06:38
VR026,CR015,V034,rejected,2025-04-18 18:06:38
VR027,CR016,V047,accepted,2025-04-16 19:01:33
VR028,CR016,V037,rejected,2025-04-17 09:01:33
VR029,CR018,V042,accepted,2025-04-18 15:02:26
VR030,CR018,V044,rejected,2025-04-18 21:02:26
VR031,CR019,V034,rejected,2025-04-19 07:05:51
VR032,CR019,V045,rejected,2025-04-19 04:05:51
VR033,CR021,V007,accepted,2025-04-18 03:04:00
VR034,CR021,V028,accepted,2025-04-18 05:04:00
VR035,CR022,V016,rejected,2025-04-19 05:04:04
VR036,CR022,V031,accepted,2025-04-19 15:04:04
VR037,CR026,V044,accepted,2025-04-17 16:04:06
VR038,CR026,V042,accepted,2025-04-17 08:04:06
VR039,CR027,V036,rejected,2025-04-16 15:06:55
VR040,CR027,V040,rejected,2025-04-16 14:06:55
VR041,CR028,V042,accepted,2025-04-18 10:01:09
VR042,CR028,V011,accepted,2025-04-18 09:01:09
VR043,CR030,V032,rejected,2025-04-17 01:01:00
VR044,CR030,V011,rejected,2025-04-17 14:01:00
VR045,CR031,V021,accepted,2025-04-19 06:05:05
VR046,CR031,V016,accepted,2025-04-19 04:05:05
VR047,CR036,V004,rejected,2025-04-16 09:05:42
VR048,CR036,V033,accepted,2025-04-16 19:05:42
VR049,CR037,V049,accepted,2025-04-17 06:03:24
VR050,CR037,V046,accepted,2025-04-16 22:03:24
VR051,CR038,V026,accepted,2025-04-19 00:05:16
VR052,CR038,V016,accepted,2025-04-19 12:05:16
VR053,CR041,V029,rejected,2025-04-18 17:03:47
VR054,CR041,V037,rejected,2025-04-18 05:03:47
VR055,CR042,V032,rejected,2025-04-18 08:03:33
VR056,CR042,V029,rejected,2025-04-18 01:03:33
VR057,CR043,V032,accepted,2025-04-17 20:06:27
VR058,CR043,V048,accepted,2025-04-17 00:06:27
VR059,CR044,V007,accepted,2025-04-18 05:06:19
VR060,CR044,V026,rejected,2025-04-17 17:06:19
VR061,CR045,V036,rejected,2025-04-16 21:06:46
VR062,CR045,V001,accepted,2025-04-17 14:06:46
VR063,CR046,V008,rejected,2025-04-18 20:01:04
VR064,CR046,V012,accepted,2025-04-18 21:01:04
VR065,CR047,V020,accepted,2025-04-19 00:02:20
VR066,CR047,V033,accepted,2025-04-18 13:02:20
VR067,CR048,V042,rejected,2025-04-18 22:04:10
VR068,CR048,V043,accepted,2025-04-18 18:04:10
VR069,CR050,V024,accepted,2025-04-17 02:06:13
VR070,CR050,V004,rejected,2025-04-17 09:06:13
VR071,CR052,V022,accepted,2025-04-19 11:03:42
VR072,CR052,V036,accepted,2025-04-19 11:03:42
VR073,CR054,V031,accepted,2025-04-19 13:06:58
VR074,CR054,V046,accepted,2025-04-19 03:06:58
VR075,CR055,V046,rejected,2025-04-18 19:02:33
VR076,CR055,V029,accepted,2025-04-18 19:02:33
VR077,CR058,V049,accepted,2025-04-19 00:05:08
VR078,CR058,V043,accepted,2025-04-18 17:05:08
VR079,CR059,V008,rejected,2025-04-19 09:06:37
VR080,CR059,V018,accepted,2025-04-19 10:06:37
VR081,CR060,V041,rejected,2025-04-17 00:04:23
VR082,CR060,V019,accepted,2025-04-16 23:04:23
VR083,CR061,V024,accepted,2025-04-17 08:04:35
VR084,CR061,V045,accepted,2025-04-17 06:04:35
VR085,CR062,V042,accepted,2025-04-17 14:03:02
VR086,CR062,V049,accepted,2025-04-18 00:03:02
VR087,CR065,V009,rejected,2025-04-18 07:05:39
VR088,CR065,V046,rejected,2025-04-18 07:05:39
VR089,CR067,V027,accepted,2025-04-18 16:04:06
VR090,CR067,V007,accepted,2025-04-19 03:04:06
VR091,CR069,V013,accepted,2025-04-17 11:04:04
VR092,CR069,V008,accepted,2025-04-17 05:04:04
VR093,CR070,V030,accepted,2025-04-18 13:06:19
VR094,CR070,V013,accepted,2025-04-18 01:06:19
VR095,CR071,V007,accepted,2025-04-19 08:01:11
VR096,CR071,V049,rejected,2025-04-18 20:01:11
VR097,CR072,V041,rejected,2025-04-17 08:02:25
VR098,CR072,V044,rejected,2025-04-16 17:02:25
VR099,CR074,V050,rejected,2025-04-17 08:03:54
VR100,CR074,V029,accepted,2025-04-17 15:03:54
VR101,CR075,V010,accepted,2025-04-18 13:06:29
VR102,CR075,V046,accepted,2025-04-18 11:06:29
VR103,CR076,V009,accepted,2025-04-18 04:01:07
VR104,CR076,V032,rejected,2025-04-18 20:01:07
VR105,CR077,V048,accepted,2025-04-18 05:02:58
VR106,CR077,V004,accepted,2025-04-18 01:02:58
VR107,CR078,V038,rejected,2025-04-17 03:01:39
VR108,CR078,V031,rejected,2025-04-16 16:01:39
VR109,CR079,V045,accepted,2025-04-16 18:03:19
VR110,CR079,V038,accepted,2025-04-17 12:03:19
VR111,CR080,V009,accepted,2025-04-18 13:02:43
VR112,CR080,V007,accepted,2025-04-18 22:02:43
VR113,CR081,V039,accepted,2025-04-16 18:05:10
VR114,CR081,V021,rejected,2025-04-16 14:05:10
VR115,CR082,V027,accepted,2025-04-17 11:05:33
VR116,CR082,V039,accepted,2025-04-16 20:05:33
VR117,CR083,V018,accepted,2025-04-18 09:04:24
VR118,CR083,V026,accepted,2025-04-18 08:04:24
VR119,CR084,V029,rejected,2025-04-18 08:04:24
VR120,CR084,V009,rejected,2025-04-18 17:04:24
VR121,CR086,V039,accepted,2025-04-18 13:04:55
VR122,CR086,V045,accepted,2025-04-18 06:04:55
VR123,CR087,V020,accepted,2025-04-19 09:01:21
VR124,CR087,V045,accepted,2025-04-19 02:01:21
VR125,CR088,V046,accepted,2025-04-17 01:03:59
VR126,CR088,V048,accepted,2025-04-17 04:03:59
VR127,CR091,V028,accepted,2025-04-17 00:01:35
VR128,CR091,V013,accepted,2025-04-17 00:01:35
VR129,CR092,V014,accepted,2025-04-18 11:03:56
VR130,CR092,V040,accepted,2025-04-17 22:03:56
VR131,CR094,V044,rejected,2025-04-17 20:02:26
VR132,CR094,V023,rejected,2025-04-17 03:02:26
VR133,CR096,V007,accepted,2025-04-18 03:04:35
VR134,CR096,V001,rejected,2025-04-18 01:04:35
VR135,CR097,V015,rejected,2025-04-18 15:06:27
VR136,CR097,V034,accepted,2025-04-19 02:06:27
VR137,CR099,V035,accepted,2025-04-17 14:02:32
VR138,CR099,V045,rejected,2025-04-17 04:02:32
VR139,CR100,V006,accepted,2025-04-17 13:01:52
VR140,CR100,V047,rejected,2025-04-16 18:01:52
VR141,CR103,V049,rejected,2025-04-17 03:06:44
VR142,CR103,V023,rejected,2025-04-17 01:06:44
VR143,CR104,V042,accepted,2025-04-19 04:03:55
VR144,CR104,V011,accepted,2025-04-19 04:03:55
VR145,CR105,V048,accepted,2025-04-19 03:04:49
VR146,CR105,V010,accepted,2025-04-19 04:04:49
VR147,CR106,V027,rejected,2025-04-18 04:02:49
VR148,CR106,V044,rejected,2025-04-17 22:02:49
VR149,CR108,V019,rejected,2025-04-16 19:03:29
VR150,CR108,V028,rejected,2025-04-17 11:03:29
VR151,CR110,V007,accepted,2025-04-18 02:03:17
VR152,CR110,V002,accepted,2025-04-17 18:03:17
VR153,CR111,V004,accepted,2025-04-17 17:02:26
VR154,CR111,V043,accepted,2025-04-17 22:02:26
VR155,CR113,V004,accepted,2025-04-19 01:04:32
VR156,CR113,V016,accepted,2025-04-18 22:04:32
VR157,CR114,V041,accepted,2025-04-16 20:06:30
VR158,CR114,V039,accepted,2025-04-17 08:06:30
VR159,CR115,V017,rejected,2025-04-18 01:01:38
VR160,CR115,V010,accepted,2025-04-18 22:01:38
VR161,CR116,V037,rejected,2025-04-18 09:05:44
VR162,CR116,V027,accepted,2025-04-18 06:05:44
VR163,CR117,V031,accepted,2025-04-17 04:02:49
VR164,CR117,V050,rejected,2025-04-16 12:02:49
VR165,CR119,V023,rejected,2025-04-18 07:02:39
VR166,CR119,V029,rejected,2025-04-18 23:02:39
VR167,CR120,V044,rejected,2025-04-19 11:02:31
VR168,CR120,V048,accepted,2025-04-19 01:02:31
VR169,CR121,V048,accepted,2025-04-18 22:05:20
VR170,CR121,V042,accepted,2025-04-18 17:05:20
VR171,CR124,V016,accepted,2025-04-17 19:04:55
VR172,CR124,V033,rejected,2025-04-17 06:04:55
VR173,CR125,V045,rejected,2025-04-16 11:02:20
VR174,CR125,V043,accepted,2025-04-16 22:02:20
VR175,CR126,V025,accepted,2025-04-18 05:01:24
VR176,CR126,V027,accepted,2025-04-17 18:01:24
VR177,CR128,V043,accepted,2025-04-17 17:01:25
VR178,CR128,V048,rejected,2025-04-17 01:01:25
VR179,CR131,V001,rejected,2025-04-17 19:02:45
VR180,CR131,V048,accepted,2025-04-17 17:02:45
VR181,CR133,V028,rejected,2025-04-19 16:01:45
VR182,CR133,V018,accepted,2025-04-19 11:01:45
VR183,CR135,V015,accepted,2025-04-17 07:04:17
VR184,CR135,V041,rejected,2025-04-17 07:04:17
VR185,CR136,V042,accepted,2025-04-18 19:05:20
VR186,CR136,V024,rejected,2025-04-18 18:05:20
VR187,CR139,V003,accepted,2025-04-18 23:04:57
VR188,CR139,V031,rejected,2025-04-18 19:04:57
VR189,CR140,V003,accepted,2025-04-18 13:05:54
VR190,CR140,V036,accepted,2025-04-19 06:05:54
VR191,CR142,V013,rejected,2025-04-17 07:05:33
VR192,CR142,V019,accepted,2025-04-16 22:05:33
VR193,CR143,V044,accepted,2025-04-17 05:01:50
VR194,CR143,V005,rejected,2025-04-17 05:01:50
VR195,CR145,V030,rejected,2025-04-18 16:04:03
VR196,CR145,V019,rejected,2025-04-18 09:04:03
VR197,CR146,V008,rejected,2025-04-16 04:01:19
VR198,CR146,V025,accepted,2025-04-16 16:01:19
VR199,CR147,V020,accepted,2025-04-17 17:06:57
VR200,CR147,V048,accepted,2025-04-18 02:06:57
VR201,CR148,V017,rejected,2025-04-18 22:02:40
VR202,CR148,V009,rejected,2025-04-19 11:02:40
VR203,CR149,V017,rejected,2025-04-19 09:05:51
VR204,CR149,V001,accepted,2025-04-19 13:05:51
VR205,CR150,V001,accepted,2025-04-17 03:02:41
VR206,CR150,V027,accepted,2025-04-16 09:02:41
VR207,CR152,V043,accepted,2025-04-17 18:03:38
VR208,CR152,V025,accepted,2025-04-17 21:03:38
VR209,CR154,V021,accepted,2025-04-16 21:05:45
VR210,CR154,V039,rejected,2025-04-17 16:05:45
VR211,CR155,V015,accepted,2025-04-19 01:04:39
VR212,CR155,V034,accepted,2025-04-19 03:04:39
VR213,CR156,V020,accepted,2025-04-17 06:01:48
VR214,CR156,V032,rejected,2025-04-17 05:01:48
VR215,CR157,V023,rejected,2025-04-19 02:01:33
VR216,CR157,V005,accepted,2025-04-18 14:01:33
VR217,CR159,V019,accepted,2025-04-18 10:02:14
VR218,CR159,V017,rejected,2025-04-18 01:02:14
VR219,CR160,V012,accepted,2025-04-17 21:04:04
VR220,CR160,V034,rejected,2025-04-18 11:04:04
VR221,CR161,V005,accepted,2025-04-17 00:01:07
VR222,CR161,V013,accepted,2025-04-17 08:01:07
VR223,CR162,V035,accepted,2025-04-16 23:05:38
VR224,CR162,V026,rejected,2025-04-17 08:05:38
VR225,CR164,V015,accepted,2025-04-18 01:05:53
VR226,CR164,V014,accepted,2025-04-17 14:05:53
VR227,CR165,V022,accepted,2025-04-17 02:02:01
VR228,CR165,V024,rejected,2025-04-16 23:02:01
VR229,CR167,V049,rejected,2025-04-16 23:01:51
VR230,CR167,V040,rejected,2025-04-16 22:01:51
VR231,CR171,V036,accepted,2025-04-19 20:05:19
VR232,CR171,V049,accepted,2025-04-19 00:05:19
VR233,CR175,V005,accepted,2025-04-16 13:02:48
VR234,CR175,V002,accepted,2025-04-17 07:02:48
VR235,CR180,V023,accepted,2025-04-18 15:02:58
VR236,CR180,V029,rejected,2025-04-19 04:02:58
VR237,CR182,V040,accepted,2025-04-18 10:02:20
VR238,CR182,V016,accepted,2025-04-18 10:02:20
VR239,CR183,V016,accepted,2025-04-19 12:04:26
VR240,CR183,V003,accepted,2025-04-19 01:04:26
VR241,CR185,V025,accepted,2025-04-17 21:06:48
VR242,CR185,V008,accepted,2025-04-17 17:06:48
VR243,CR186,V035,accepted,2025-04-16 13:03:13
VR244,CR186,V047,rejected,2025-04-16 04:03:13
VR245,CR187,V034,rejected,2025-04-18 10:01:59
VR246,CR187,V050,rejected,2025-04-18 15:01:59
VR247,CR188,V033,rejected,2025-04-18 13:06:08
VR248,CR188,V029,accepted,2025-04-17 23:06:08
VR249,CR189,V019,accepted,2025-04-18 09:06:46
VR250,CR189,V042,rejected,2025-04-18 13:06:46
VR251,CR191,V033,accepted,2025-04-16 12:04:58
VR252,CR191,V006,rejected,2025-04-16 14:04:58
VR253,CR192,V050,accepted,2025-04-18 16:02:25
VR254,CR192,V035,rejected,2025-04-17 23:02:25
VR255,CR193,V041,accepted,2025-04-17 04:01:30
VR256,CR193,V005,accepted,2025-04-17 19:01:30
VR257,CR195,V041,rejected,2025-04-16 15:01:04
VR258,CR195,V050,rejected,2025-04-17 06:01:04
VR259,CR196,V028,accepted,2025-04-18 09:04:22
VR260,CR196,V007,accepted,2025-04-18 20:04:22
VR261,CR197,V045,rejected,2025-04-17 13:01:33
VR262,CR197,V048,accepted,2025-04-17 20:01:33
VR263,CR199,V045,accepted,2025-04-16 22:04:25
VR264,CR199,V023,rejected,2025-04-17 19:04:25
VR265,CR200,V032,accepted,2025-04-18 14:05:41
VR266,CR200,V035,rejected,2025-04-17 21:05:41
VR267,CR203,V009,accepted,2025-04-17 00:06:46
VR268,CR203,V022,rejected,2025-04-17 14:06:46
VR269,CR204,V046,accepted,2025-04-17 20:04:49
VR270,CR204,V022,accepted,2025-04-17 21:04:49
VR271,CR206,V005,rejected,2025-04-16 16:02:23
VR272,CR206,V004,rejected,2025-04-16 19:02:23
VR273,CR207,V036,accepted,2025-04-18 22:01:04
VR274,CR207,V005,accepted,2025-04-18 11:01:04
VR275,CR208,V017,accepted,2025-04-18 07:03:04
VR276,CR208,V027,accepted,2025-04-18 09:03:04
VR277,CR210,V036,accepted,2025-04-18 19:05:28
VR278,CR210,V045,accepted,2025-04-18 11:05:28
VR279,CR212,V028,rejected,2025-04-17 15:05:18
VR280,CR212,V021,accepted,2025-04-18 03:05:18
VR281,CR214,V044,rejected,2025-04-16 23:05:56
VR282,CR214,V008,rejected,2025-04-16 06:05:56
VR283,CR216,V032,rejected,2025-04-18 16:01:01
VR284,CR216,V010,accepted,2025-04-18 19:01:01
VR285,CR217,V021,accepted,2025-04-17 08:03:05
VR286,CR217,V011,accepted,2025-04-16 15:03:05
VR287,CR218,V049,accepted,2025-04-18 14:03:57
VR288,CR218,V048,accepted,2025-04-17 21:03:57
VR289,CR219,V016,rejected,2025-04-17 08:01:21
VR290,CR219,V045,rejected,2025-04-16 12:01:21
VR291,CR220,V023,rejected,2025-04-16 05:05:23
VR292,CR220,V033,accepted,2025-04-16 11:05:23
VR293,CR222,V044,rejected,2025-04-19 12:05:11
VR294,CR222,V020,accepted,2025-04-18 19:05:11
VR295,CR223,V019,rejected,2025-04-18 16:03:20
VR296,CR223,V049,accepted,2025-04-18 14:03:20
VR297,CR226,V026,accepted,2025-04-16 11:05:13
VR298,CR226,V043,accepted,2025-04-17 02:05:13
VR299,CR227,V011,accepted,2025-04-17 05:03:38
VR300,CR227,V035,rejected,2025-04-17 02:03:38
VR301,CR228,V048,rejected,2025-04-17 06:04:16
VR302,CR228,V026,accepted,2025-04-16 22:04:16
VR303,CR229,V041,rejected,2025-04-19 00:02:36
VR304,CR229,V010,accepted,2025-04-19 12:02:36
VR305,CR230,V047,rejected,2025-04-17 10:01:23
VR306,CR230,V042,rejected,2025-04-16 23:01:23
VR307,CR231,V036,rejected,2025-04-16 11:03:50
VR308,CR231,V010,accepted,2025-04-16 09:03:50
VR309,CR233,V001,accepted,2025-04-18 06:01:31
VR310,CR233,V037,accepted,2025-04-17 23:01:31
VR311,CR234,V007,accepted,2025-04-18 21:05:33
VR312,CR234,V004,rejected,2025-04-18 21:05:33
VR313,CR235,V006,rejected,2025-04-17 03:06:10
VR314,CR235,V020,rejected,2025-04-17 20:06:10
VR315,CR238,V048,rejected,2025-04-17 03:04:56
VR316,CR238,V047,rejected,2025-04-16 22:04:56
VR317,CR239,V027,accepted,2025-04-19 08:05:13
VR318,CR239,V042,rejected,2025-04-18 20:05:13
VR319,CR240,V042,rejected,2025-04-18 08:06:53
VR320,CR240,V035,accepted,2025-04-18 08:06:53
VR321,CR245,V015,accepted,2025-04-17 15:05:31
VR322,CR245,V040,accepted,2025-04-17 13:05:31
VR323,CR246,V008,rejected,2025-04-19 17:05:39
VR324,CR246,V012,rejected,2025-04-19 14:05:39
VR325,CR247,V004,accepted,2025-04-19 07:05:22
VR326,CR247,V049,accepted,2025-04-19 04:05:22
VR327,CR248,V020,accepted,2025-04-19 00:06:57
VR328,CR248,V006,accepted,2025-04-18 21:06:57
VR329,CR249,V005,accepted,2025-04-19 15:01:39
VR330,CR249,V019,rejected,2025-04-18 20:01:39
VR331,CR250,V017,rejected,2025-04-17 02:05:25
VR332,CR250,V007,accepted,2025-04-17 19:05:25
VR333,CR252,V014,accepted,2025-04-17 12:02:59
VR334,CR252,V013,rejected,2025-04-17 09:02:59
VR335,CR254,V022,accepted,2025-04-17 15:01:03
VR336,CR254,V023,rejected,2025-04-18 08:01:03
VR337,CR255,V042,rejected,2025-04-16 13:02:27
VR338,CR255,V016,accepted,2025-04-16 19:02:27
VR339,CR257,V030,accepted,2025-04-19 15:05:46
VR340,CR257,V001,accepted,2025-04-18 22:05:46
VR341,CR258,V010,accepted,2025-04-16 20:06:02
VR342,CR258,V037,accepted,2025-04-17 00:06:02
VR343,CR259,V032,rejected,2025-04-17 00:05:17
VR344,CR259,V029,accepted,2025-04-17 09:05:17
VR345,CR260,V043,accepted,2025-04-18 20:04:56
VR346,CR260,V020,accepted,2025-04-18 16:04:56
VR347,CR261,V042,accepted,2025-04-18 18:04:53
VR348,CR261,V032,accepted,2025-04-19 08:04:53
VR349,CR264,V031,accepted,2025-04-18 19:03:09
VR350,CR264,V018,accepted,2025-04-18 12:03:09
VR351,CR266,V021,rejected,2025-04-16 19:03:30
VR352,CR266,V028,accepted,2025-04-16 14:03:30
VR353,CR267,V020,accepted,2025-04-18 20:03:14
VR354,CR267,V048,accepted,2025-04-18 17:03:14
VR355,CR268,V015,accepted,2025-04-19 06:04:19
VR356,CR268,V046,accepted,2025-04-19 03:04:19
VR357,CR269,V029,rejected,2025-04-18 19:02:14
VR358,CR269,V014,rejected,2025-04-18 14:02:14
VR359,CR270,V024,accepted,2025-04-18 22:06:05
VR360,CR270,V009,rejected,2025-04-19 00:06:05
VR361,CR271,V022,accepted,2025-04-17 12:05:13
VR362,CR271,V031,accepted,2025-04-17 12:05:13
VR363,CR275,V030,accepted,2025-04-18 11:05:58
VR364,CR275,V004,rejected,2025-04-18 09:05:58
VR365,CR276,V030,accepted,2025-04-18 19:06:24
VR366,CR276,V033,accepted,2025-04-18 21:06:24
VR367,CR277,V002,accepted,2025-04-18 04:06:47
VR368,CR277,V016,accepted,2025-04-18 06:06:47
VR369,CR278,V042,accepted,2025-04-18 16:03:46
VR370,CR278,V039,accepted,2025-04-18 22:03:46
VR371,CR279,V009,accepted,2025-04-17 04:01:59
VR372,CR279,V035,accepted,2025-04-17 06:01:59
VR373,CR280,V045,accepted,2025-04-18 13:05:32
VR374,CR280,V006,rejected,2025-04-18 10:05:32
VR375,CR282,V005,accepted,2025-04-17 06:03:42
VR376,CR282,V047,accepted,2025-04-17 04:03:42
VR377,CR284,V033,rejected,2025-04-16 03:01:44
VR378,CR284,V041,rejected,2025-04-16 21:01:44
VR379,CR285,V012,rejected,2025-04-16 21:01:10
VR380,CR285,V039,accepted,2025-04-16 15:01:10
VR381,CR287,V050,accepted,2025-04-17 19:05:05
VR382,CR287,V038,accepted,2025-04-17 14:05:05
VR383,CR288,V036,accepted,2025-04-18 15:02:03
VR384,CR288,V017,accepted,2025-04-18 15:02:03
VR385,CR289,V020,accepted,2025-04-19 11:02:05
VR386,CR289,V044,accepted,2025-04-19 16:02:05
VR387,CR290,V050,accepted,2025-04-17 02:02:03
VR388,CR290,V010,accepted,2025-04-17 03:02:03
VR389,CR292,V015,accepted,2025-04-18 08:02:51
VR390,CR292,V050,accepted,2025-04-18 13:02:51
VR391,CR294,V019,accepted,2025-04-18 01:02:49
VR392,CR294,V009,rejected,2025-04-18 03:02:49
VR393,CR295,V033,accepted,2025-04-18 04:06:23
VR394,CR295,V006,rejected,2025-04-18 03:06:23
VR395,CR297,V033,accepted,2025-04-19 02:03:02
VR396,CR297,V001,accepted,2025-04-18 12:03:02
VR397,CR298,V040,rejected,2025-04-16 10:06:23
VR398,CR298,V044,rejected,2025-04-16 21:06:23
VR399,CR299,V009,accepted,2025-04-17 16:04:50
VR400,CR299,V029,accepted,2025-04-17 16:04:50
VR401,CR300,V037,rejected,2025-04-16 10:04:41
VR402,CR300,V043,accepted,2025-04-17 05:04:41
VR403,CR301,V047,accepted,2025-04-17 13:03:26
VR404,CR301,V031,accepted,2025-04-17 03:03:26
VR405,CR302,V015,accepted,2025-04-19 13:04:04
VR406,CR302,V049,accepted,2025-04-19 05:04:04
VR407,CR303,V005,accepted,2025-04-18 10:02:52
VR408,CR303,V017,accepted,2025-04-18 06:02:52
VR409,CR304,V003,accepted,2025-04-19 07:04:47
VR410,CR304,V043,accepted,2025-04-19 17:04:47
VR411,CR306,V024,accepted,2025-04-17 16:01:33
VR412,CR306,V025,accepted,2025-04-17 15:01:33
VR413,CR307,V003,accepted,2025-04-16 23:04:12
VR414,CR307,V042,rejected,2025-04-16 16:04:12
VR415,CR309,V046,accepted,2025-04-19 09:03:12
VR416,CR309,V034,rejected,2025-04-18 21:03:12
VR417,CR310,V048,accepted,2025-04-17 05:03:46
VR418,CR310,V017,accepted,2025-04-17 04:03:46
VR419,CR311,V008,accepted,2025-04-18 20:01:55
VR420,CR311,V044,accepted,2025-04-18 07:01:55
VR421,CR312,V025,accepted,2025-04-17 09:01:09
VR422,CR312,V042,accepted,2025-04-17 08:01:09
VR423,CR315,V038,accepted,2025-04-17 02:03:16
VR424,CR315,V042,accepted,2025-04-17 16:03:16
VR425,CR316,V029,accepted,2025-04-17 12:06:16
VR426,CR316,V018,accepted,2025-04-17 16:06:16
VR427,CR317,V049,accepted,2025-04-18 23:05:16
VR428,CR317,V011,accepted,2025-04-19 08:05:16
VR429,CR318,V026,accepted,2025-04-17 05:02:25
VR430,CR318,V023,rejected,2025-04-17 09:02:25
VR431,CR319,V031,rejected,2025-04-18 05:06:13
VR432,CR319,V039,accepted,2025-04-18 21:06:13
VR433,CR320,V009,accepted,2025-04-16 07:01:17
VR434,CR320,V029,accepted,2025-04-16 09:01:17
VR435,CR322,V005,accepted,2025-04-17 00:02:04
VR436,CR322,V033,accepted,2025-04-16 12:02:04
VR437,CR323,V014,accepted,2025-04-17 14:02:47
VR438,CR323,V010,accepted,2025-04-17 14:02:47
VR439,CR327,V024,accepted,2025-04-19 18:02:45
VR440,CR327,V039,accepted,2025-04-18 23:02:45
VR441,CR328,V043,accepted,2025-04-17 08:04:37
VR442,CR328,V015,rejected,2025-04-17 05:04:37
VR443,CR329,V047,accepted,2025-04-18 14:05:21
VR444,CR329,V008,rejected,2025-04-18 20:05:21
VR445,CR330,V026,rejected,2025-04-17 22:01:23
VR446,CR330,V002,accepted,2025-04-17 22:01:23
VR447,CR332,V014,accepted,2025-04-17 04:01:26
VR448,CR332,V038,accepted,2025-04-17 19:01:26
VR449,CR334,V027,accepted,2025-04-19 05:04:42
VR450,CR334,V002,accepted,2025-04-18 23:04:42
VR451,CR335,V009,accepted,2025-04-17 02:05:10
VR452,CR335,V037,accepted,2025-04-16 13:05:10
VR453,CR336,V009,accepted,2025-04-16 20:04:51
VR454,CR336,V041,rejected,2025-04-16 05:04:51
VR455,CR338,V037,accepted,2025-04-16 22:06:24
VR456,CR338,V010,accepted,2025-04-17 02:06:24
VR457,CR340,V017,accepted,2025-04-19 12:01:22
VR458,CR340,V012,rejected,2025-04-19 08:01:22
VR459,CR342,V039,accepted,2025-04-19 15:05:33
VR460,CR342,V037,accepted,2025-04-18 19:05:33
VR461,CR343,V008,rejected,2025-04-19 16:06:20
VR462,CR343,V007,accepted,2025-04-19 16:06:20
VR463,CR345,V043,accepted,2025-04-17 00:05:31
VR464,CR345,V019,accepted,2025-04-17 04:05:31
VR465,CR347,V029,accepted,2025-04-17 23:05:44
VR466,CR347,V039,rejected,2025-04-17 23:05:44
VR467,CR349,V011,rejected,2025-04-17 10:04:40
VR468,CR349,V015,rejected,2025-04-17 16:04:40
VR469,CR350,V010,accepted,2025-04-16 16:02:30
VR470,CR350,V038,accepted,2025-04-17 06:02:30
VR471,CR351,V017,rejected,2025-04-18 04:03:22
VR472,CR351,V042,accepted,2025-04-17 23:03:22
VR473,CR352,V017,accepted,2025-04-18 10:01:32
VR474,CR352,V011,accepted,2025-04-18 08:01:32
VR475,CR353,V012,rejected,2025-04-18 01:03:18
VR476,CR353,V003,accepted,2025-04-18 05:03:18
VR477,CR354,V039,accepted,2025-04-18 10:01:10
VR478,CR354,V038,accepted,2025-04-18 15:01:10
VR479,CR355,V049,accepted,2025-04-16 15:00:59
VR480,CR355,V003,accepted,2025-04-16 15:00:59
VR481,CR356,V009,accepted,2025-04-16 23:06:00
VR482,CR356,V007,accepted,2025-04-17 05:06:00
VR483,CR357,V034,rejected,2025-04-18 09:01:49
VR484,CR357,V033,accepted,2025-04-18 01:01:49
VR485,CR358,V022,accepted,2025-04-16 20:04:47
VR486,CR358,V012,accepted,2025-04-17 11:04:47
VR487,CR359,V007,accepted,2025-04-18 03:03:30
VR488,CR359,V012,rejected,2025-04-18 07:03:30
VR489,CR360,V039,accepted,2025-04-19 08:06:00
VR490,CR360,V003,accepted,2025-04-19 07:06:00
